-- account (test)
insert into user_account (username, `password`, nickname, email, memo, created_at, created_by, modified_at, modified_by)
values ('testuser1', '{noop}12345678', 'testuser1', 'testuser1@email.com', 'I am No.1', now(), 'testuser1', now(), 'testuser1');
insert into user_account (username, `password`, nickname, email, memo, created_at, created_by, modified_at, modified_by)
values ('testuser2', '{noop}12345678', 'testuser2', 'testuser2@email.com', 'I am No.2', now(), 'testuser2', now(), 'testuser2');
insert into user_account (username, `password`, nickname, email, memo, created_at, created_by, modified_at, modified_by)
values ('testuser3', '{noop}12345678', 'testuser3', 'testuser3@email.com', 'I am No.3', now(), 'testuser3', now(), 'testuser3');

-- 100 posts
insert into post (username, title, content, created_at, created_by, modified_at, modified_by) values ('testuser1',  'Suspendisse potenti.', 'Suspendisse potenti. In eleifend quam a odio. In hac habitasse platea dictumst.', '2022-03-14 14:16:00', 'ofeye0', '2022-04-25 13:19:21', 'dwhoolehan0');
insert into post (username, title, content, created_at, created_by, modified_at, modified_by) values ('testuser1',  'Nunc rhoncus dui vel sem.', 'Cum sociis natoque penatibus et magnis dis parturient montes, nascetur ridiculus mus. Vivamus vestibulum sagittis sapien. Cum sociis natoque penatibus et magnis dis parturient montes, nascetur ridiculus mus.', '2022-07-19 09:13:54', 'svandriel1', '2022-06-29 15:30:26', 'gwinear1');
insert into post (username, title, content, created_at, created_by, modified_at, modified_by) values ('testuser1',  'Pellentesque at nulla.', 'Aenean lectus. Pellentesque eget nunc. Donec quis orci eget orci vehicula condimentum.', '2022-04-16 02:44:37', 'ckitlee2', '2022-11-01 16:34:40', 'ojerrim2');
insert into post (username, title, content, created_at, created_by, modified_at, modified_by) values ('testuser1',  'Donec semper sapien a libero.', 'Donec diam neque, vestibulum eget, vulputate ut, ultrices vel, augue. Vestibulum ante ipsum primis in faucibus orci luctus et ultrices posuere cubilia Curae; Donec pharetra, magna vestibulum aliquet ultrices, erat tortor sollicitudin mi, sit amet lobortis sapien sapien non mi. Integer ac neque.', '2022-11-23 00:25:34', 'kdimberline3', '2023-01-09 00:26:52', 'krubinek3');
insert into post (username, title, content, created_at, created_by, modified_at, modified_by) values ('testuser1',  'Fusce posuere felis sed lacus.', 'Duis bibendum, felis sed interdum venenatis, turpis enim blandit mi, in porttitor pede justo eu massa. Donec dapibus. Duis at velit eu est congue elementum.', '2022-11-26 22:08:22', 'pcastree4', '2023-01-23 13:31:53', 'sboarder4');
insert into post (username, title, content, created_at, created_by, modified_at, modified_by) values ('testuser1',  'Morbi vestibulum, velit id pretium iaculis, diam erat fermentum justo, nec condimentum neque sapien placerat ante.', 'Proin interdum mauris non ligula pellentesque ultrices. Phasellus id sapien in sapien iaculis congue. Vivamus metus arcu, adipiscing molestie, hendrerit at, vulputate vitae, nisl.', '2022-08-10 02:22:35', 'tdomico5', '2022-05-18 11:40:55', 'bjoyson5');
insert into post (username, title, content, created_at, created_by, modified_at, modified_by) values ('testuser1',  'Morbi vel lectus in quam fringilla rhoncus.', 'In quis justo. Maecenas rhoncus aliquam lacus. Morbi quis tortor id nulla ultrices aliquet.', '2022-07-24 02:03:45', 'sleadbitter6', '2022-03-20 10:19:42', 'bstraker6');
insert into post (username, title, content, created_at, created_by, modified_at, modified_by) values ('testuser1',  'Sed sagittis.', 'Quisque id justo sit amet sapien dignissim vestibulum. Vestibulum ante ipsum primis in faucibus orci luctus et ultrices posuere cubilia Curae; Nulla dapibus dolor vel est. Donec odio justo, sollicitudin ut, suscipit a, feugiat et, eros.', '2023-01-25 10:34:19', 'sjillis7', '2022-10-07 05:34:49', 'flennox7');
insert into post (username, title, content, created_at, created_by, modified_at, modified_by) values ('testuser1',  'Sed sagittis.', 'Nullam porttitor lacus at turpis. Donec posuere metus vitae ipsum. Aliquam non mauris.', '2022-05-22 23:48:29', 'wslee8', '2022-08-29 05:03:19', 'jgogie8');
insert into post (username, title, content, created_at, created_by, modified_at, modified_by) values ('testuser1',  'Donec semper sapien a libero.', 'Lorem ipsum dolor sit amet, consectetuer adipiscing elit. Proin risus. Praesent lectus.', '2022-08-30 14:24:30', 'fdeschelle9', '2022-09-07 11:16:59', 'bcrichmer9');
insert into post (username, title, content, created_at, created_by, modified_at, modified_by) values ('testuser1',  'Suspendisse potenti.', 'Proin eu mi. Nulla ac enim. In tempor, turpis nec euismod scelerisque, quam turpis adipiscing lorem, vitae mattis nibh ligula nec sem.', '2022-07-25 22:04:06', 'dgerckena', '2022-12-26 10:22:48', 'kdowdalla');
insert into post (username, title, content, created_at, created_by, modified_at, modified_by) values ('testuser1',  'Donec odio justo, sollicitudin ut, suscipit a, feugiat et, eros.', 'Nullam sit amet turpis elementum ligula vehicula consequat. Morbi a ipsum. Integer a nibh.', '2022-06-28 13:54:43', 'smoohanb', '2022-07-17 23:08:43', 'gsaggsb');
insert into post (username, title, content, created_at, created_by, modified_at, modified_by) values ('testuser1',  'Nulla suscipit ligula in lacus.', 'In quis justo. Maecenas rhoncus aliquam lacus. Morbi quis tortor id nulla ultrices aliquet.', '2022-06-12 08:22:03', 'emosedalec', '2022-12-13 05:22:56', 'cgellettc');
insert into post (username, title, content, created_at, created_by, modified_at, modified_by) values ('testuser1',  'Nulla ut erat id mauris vulputate elementum.', 'Praesent blandit. Nam nulla. Integer pede justo, lacinia eget, tincidunt eget, tempus vel, pede.', '2022-05-18 19:00:42', 'tmordied', '2022-12-27 21:13:31', 'lkolushevd');
insert into post (username, title, content, created_at, created_by, modified_at, modified_by) values ('testuser1',  'Praesent blandit lacinia erat.', 'Duis consequat dui nec nisi volutpat eleifend. Donec ut dolor. Morbi vel lectus in quam fringilla rhoncus.', '2022-10-15 04:23:32', 'vkimme', '2022-10-29 23:09:20', 'crabbittse');
insert into post (username, title, content, created_at, created_by, modified_at, modified_by) values ('testuser1',  'Quisque porta volutpat erat.', 'Duis consequat dui nec nisi volutpat eleifend. Donec ut dolor. Morbi vel lectus in quam fringilla rhoncus.', '2023-01-18 02:33:03', 'ashooterf', '2022-10-04 13:17:52', 'rstuckeyf');
insert into post (username, title, content, created_at, created_by, modified_at, modified_by) values ('testuser1',  'Curabitur gravida nisi at nibh.', 'Nullam sit amet turpis elementum ligula vehicula consequat. Morbi a ipsum. Integer a nibh.', '2022-04-18 08:46:44', 'adilstong', '2022-04-29 22:13:49', 'bkilvingtong');
insert into post (username, title, content, created_at, created_by, modified_at, modified_by) values ('testuser1',  'Praesent id massa id nisl venenatis lacinia.', 'Lorem ipsum dolor sit amet, consectetuer adipiscing elit. Proin risus. Praesent lectus.', '2022-10-13 14:57:03', 'tlapadulah', '2023-03-04 00:17:44', 'bsharvellh');
insert into post (username, title, content, created_at, created_by, modified_at, modified_by) values ('testuser1',  'Vestibulum quam sapien, varius ut, blandit non, interdum in, ante.', 'Morbi non lectus. Aliquam sit amet diam in magna bibendum imperdiet. Nullam orci pede, venenatis non, sodales sed, tincidunt eu, felis.', '2023-01-27 05:54:15', 'rmanioni', '2022-09-02 21:32:31', 'aledgeri');
insert into post (username, title, content, created_at, created_by, modified_at, modified_by) values ('testuser1',  'Nulla ut erat id mauris vulputate elementum.', 'Morbi non lectus. Aliquam sit amet diam in magna bibendum imperdiet. Nullam orci pede, venenatis non, sodales sed, tincidunt eu, felis.', '2023-02-01 10:41:31', 'amilleaj', '2022-11-14 15:01:14', 'fhorningj');
insert into post (username, title, content, created_at, created_by, modified_at, modified_by) values ('testuser1',  'Morbi a ipsum.', 'Maecenas tristique, est et tempus semper, est quam pharetra magna, ac consequat metus sapien ut nunc. Vestibulum ante ipsum primis in faucibus orci luctus et ultrices posuere cubilia Curae; Mauris viverra diam vitae quam. Suspendisse potenti.', '2023-01-07 00:03:49', 'dllopk', '2022-10-23 20:18:27', 'boliverak');
insert into post (username, title, content, created_at, created_by, modified_at, modified_by) values ('testuser1',  'Fusce consequat.', 'Curabitur in libero ut massa volutpat convallis. Morbi odio odio, elementum eu, interdum eu, tincidunt in, leo. Maecenas pulvinar lobortis est.', '2022-04-16 20:54:33', 'elekeuxl', '2022-10-07 06:08:24', 'djaherl');
insert into post (username, title, content, created_at, created_by, modified_at, modified_by) values ('testuser1',  'Donec quis orci eget orci vehicula condimentum.', 'Nulla ut erat id mauris vulputate elementum. Nullam varius. Nulla facilisi.', '2022-06-22 15:52:18', 'pfarrm', '2022-04-07 13:32:49', 'fpurvissm');
insert into post (username, title, content, created_at, created_by, modified_at, modified_by) values ('testuser1',  'Curabitur convallis.', 'Integer tincidunt ante vel ipsum. Praesent blandit lacinia erat. Vestibulum sed magna at nunc commodo placerat.', '2022-07-03 09:14:01', 'asedgebeern', '2022-05-26 07:58:14', 'iprettymann');
insert into post (username, title, content, created_at, created_by, modified_at, modified_by) values ('testuser1',  'Maecenas leo odio, condimentum id, luctus nec, molestie sed, justo.', 'Quisque porta volutpat erat. Quisque erat eros, viverra eget, congue eget, semper rutrum, nulla. Nunc purus.', '2022-08-18 02:46:13', 'fbinesteado', '2022-12-14 20:25:49', 'bcharkero');
insert into post (username, title, content, created_at, created_by, modified_at, modified_by) values ('testuser1',  'Etiam justo.', 'Maecenas leo odio, condimentum id, luctus nec, molestie sed, justo. Pellentesque viverra pede ac diam. Cras pellentesque volutpat dui.', '2022-08-29 06:16:40', 'tmaddrellp', '2022-05-16 17:58:37', 'akilleleyp');
insert into post (username, title, content, created_at, created_by, modified_at, modified_by) values ('testuser1',  'Duis aliquam convallis nunc.', 'Proin eu mi. Nulla ac enim. In tempor, turpis nec euismod scelerisque, quam turpis adipiscing lorem, vitae mattis nibh ligula nec sem.', '2022-03-28 17:06:06', 'nhenkensq', '2023-01-26 03:07:23', 'idugoodq');
insert into post (username, title, content, created_at, created_by, modified_at, modified_by) values ('testuser1',  'Morbi porttitor lorem id ligula.', 'Proin interdum mauris non ligula pellentesque ultrices. Phasellus id sapien in sapien iaculis congue. Vivamus metus arcu, adipiscing molestie, hendrerit at, vulputate vitae, nisl.', '2022-10-11 02:54:49', 'nleverager', '2022-06-15 07:19:11', 'cmobiusr');
insert into post (username, title, content, created_at, created_by, modified_at, modified_by) values ('testuser1',  'Suspendisse potenti.', 'Mauris enim leo, rhoncus sed, vestibulum sit amet, cursus id, turpis. Integer aliquet, massa id lobortis convallis, tortor risus dapibus augue, vel accumsan tellus nisi eu orci. Mauris lacinia sapien quis libero.', '2022-04-16 09:51:31', 'zsullys', '2022-06-17 11:18:11', 'kachurchs');
insert into post (username, title, content, created_at, created_by, modified_at, modified_by) values ('testuser1',  'Nunc nisl.', 'Suspendisse potenti. In eleifend quam a odio. In hac habitasse platea dictumst.', '2022-11-22 13:52:33', 'lcromiet', '2023-02-27 17:05:00', 'nwesselt');
insert into post (username, title, content, created_at, created_by, modified_at, modified_by) values ('testuser1',  'Duis at velit eu est congue elementum.', 'Integer tincidunt ante vel ipsum. Praesent blandit lacinia erat. Vestibulum sed magna at nunc commodo placerat.', '2022-08-26 22:48:04', 'ztalmadgeu', '2022-10-01 10:57:51', 'bstanwayu');
insert into post (username, title, content, created_at, created_by, modified_at, modified_by) values ('testuser1',  'Nullam molestie nibh in lectus.', 'Morbi porttitor lorem id ligula. Suspendisse ornare consequat lectus. In est risus, auctor sed, tristique in, tempus sit amet, sem.', '2022-04-24 20:10:00', 'mcleetonv', '2022-05-10 22:17:52', 'jfrapwellv');
insert into post (username, title, content, created_at, created_by, modified_at, modified_by) values ('testuser1',  'Nullam porttitor lacus at turpis.', 'Nam ultrices, libero non mattis pulvinar, nulla pede ullamcorper augue, a suscipit nulla elit ac nulla. Sed vel enim sit amet nunc viverra dapibus. Nulla suscipit ligula in lacus.', '2022-06-12 05:37:11', 'vtregennaw', '2022-05-13 14:26:33', 'gallkinsw');
insert into post (username, title, content, created_at, created_by, modified_at, modified_by) values ('testuser1',  'Morbi sem mauris, laoreet ut, rhoncus aliquet, pulvinar sed, nisl.', 'Proin leo odio, porttitor id, consequat in, consequat ut, nulla. Sed accumsan felis. Ut at dolor quis odio consequat varius.', '2022-03-16 22:49:39', 'bruckhardx', '2023-01-16 07:28:43', 'sclewarthx');
insert into post (username, title, content, created_at, created_by, modified_at, modified_by) values ('testuser1',  'Nulla tellus.', 'Suspendisse potenti. In eleifend quam a odio. In hac habitasse platea dictumst.', '2022-08-28 18:11:00', 'cjanikowskiy', '2022-11-23 13:38:23', 'fcoventryy');
insert into post (username, title, content, created_at, created_by, modified_at, modified_by) values ('testuser1',  'Duis aliquam convallis nunc.', 'Quisque porta volutpat erat. Quisque erat eros, viverra eget, congue eget, semper rutrum, nulla. Nunc purus.', '2022-09-18 17:42:03', 'kitzkovitchz', '2022-03-16 01:34:16', 'dstanlakez');
insert into post (username, title, content, created_at, created_by, modified_at, modified_by) values ('testuser1',  'In eleifend quam a odio.', 'In congue. Etiam justo. Etiam pretium iaculis justo.', '2022-08-20 02:51:37', 'dwestby10', '2022-11-06 16:24:40', 'mgerrans10');
insert into post (username, title, content, created_at, created_by, modified_at, modified_by) values ('testuser1',  'Cras pellentesque volutpat dui.', 'Morbi porttitor lorem id ligula. Suspendisse ornare consequat lectus. In est risus, auctor sed, tristique in, tempus sit amet, sem.', '2022-06-20 13:57:58', 'pcaldwell11', '2023-01-28 17:00:08', 'hshurman11');
insert into post (username, title, content, created_at, created_by, modified_at, modified_by) values ('testuser1',  'Vestibulum rutrum rutrum neque.', 'Proin eu mi. Nulla ac enim. In tempor, turpis nec euismod scelerisque, quam turpis adipiscing lorem, vitae mattis nibh ligula nec sem.', '2022-12-04 15:21:16', 'mwilloughby12', '2022-10-11 16:32:53', 'lvalente12');
insert into post (username, title, content, created_at, created_by, modified_at, modified_by) values ('testuser1',  'Integer ac leo.', 'Nullam sit amet turpis elementum ligula vehicula consequat. Morbi a ipsum. Integer a nibh.', '2022-11-14 03:45:54', 'cdanher13', '2022-11-25 20:03:56', 'mjacke13');
insert into post (username, title, content, created_at, created_by, modified_at, modified_by) values ('testuser1',  'Morbi non lectus.', 'Cras mi pede, malesuada in, imperdiet et, commodo vulputate, justo. In blandit ultrices enim. Lorem ipsum dolor sit amet, consectetuer adipiscing elit.', '2023-01-26 08:59:04', 'jduro14', '2022-12-03 03:41:39', 'lwhartonby14');
insert into post (username, title, content, created_at, created_by, modified_at, modified_by) values ('testuser2',  'Curabitur convallis.', 'In quis justo. Maecenas rhoncus aliquam lacus. Morbi quis tortor id nulla ultrices aliquet.', '2022-09-02 09:13:17', 'fgrattan15', '2023-01-27 20:34:10', 'scurro15');
insert into post (username, title, content, created_at, created_by, modified_at, modified_by) values ('testuser2',  'Quisque erat eros, viverra eget, congue eget, semper rutrum, nulla.', 'Aenean fermentum. Donec ut mauris eget massa tempor convallis. Nulla neque libero, convallis eget, eleifend luctus, ultricies eu, nibh.', '2022-04-28 10:59:56', 'ahobson16', '2022-07-25 02:24:48', 'gcheshir16');
insert into post (username, title, content, created_at, created_by, modified_at, modified_by) values ('testuser2',  'Praesent lectus.', 'Fusce posuere felis sed lacus. Morbi sem mauris, laoreet ut, rhoncus aliquet, pulvinar sed, nisl. Nunc rhoncus dui vel sem.', '2022-09-27 17:43:08', 'alasham17', '2022-07-18 07:59:22', 'jnavein17');
insert into post (username, title, content, created_at, created_by, modified_at, modified_by) values ('testuser2',  'Morbi ut odio.', 'Integer ac leo. Pellentesque ultrices mattis odio. Donec vitae nisi.', '2022-10-28 21:37:22', 'ustreak18', '2022-10-12 10:26:08', 'epechell18');
insert into post (username, title, content, created_at, created_by, modified_at, modified_by) values ('testuser2',  'Sed ante.', 'Mauris enim leo, rhoncus sed, vestibulum sit amet, cursus id, turpis. Integer aliquet, massa id lobortis convallis, tortor risus dapibus augue, vel accumsan tellus nisi eu orci. Mauris lacinia sapien quis libero.', '2023-01-19 21:16:56', 'csayre19', '2022-06-01 11:20:54', 'hdefew19');
insert into post (username, title, content, created_at, created_by, modified_at, modified_by) values ('testuser2',  'Praesent blandit.', 'Morbi non lectus. Aliquam sit amet diam in magna bibendum imperdiet. Nullam orci pede, venenatis non, sodales sed, tincidunt eu, felis.', '2022-07-14 16:23:48', 'skilner1a', '2022-08-19 00:41:59', 'oplace1a');
insert into post (username, title, content, created_at, created_by, modified_at, modified_by) values ('testuser2',  'Aliquam sit amet diam in magna bibendum imperdiet.', 'Nam ultrices, libero non mattis pulvinar, nulla pede ullamcorper augue, a suscipit nulla elit ac nulla. Sed vel enim sit amet nunc viverra dapibus. Nulla suscipit ligula in lacus.', '2022-09-20 14:07:47', 'gmacmaykin1b', '2022-04-06 23:01:34', 'bswash1b');
insert into post (username, title, content, created_at, created_by, modified_at, modified_by) values ('testuser2',  'Duis consequat dui nec nisi volutpat eleifend.', 'Morbi porttitor lorem id ligula. Suspendisse ornare consequat lectus. In est risus, auctor sed, tristique in, tempus sit amet, sem.', '2022-09-06 06:28:55', 'spetri1c', '2022-12-20 17:41:14', 'mbenoix1c');
insert into post (username, title, content, created_at, created_by, modified_at, modified_by) values ('testuser2',  'Fusce posuere felis sed lacus.', 'In hac habitasse platea dictumst. Etiam faucibus cursus urna. Ut tellus.', '2022-09-27 16:40:55', 'amcelrea1d', '2022-08-18 02:16:05', 'dhasling1d');
insert into post (username, title, content, created_at, created_by, modified_at, modified_by) values ('testuser2',  'Aliquam augue quam, sollicitudin vitae, consectetuer eget, rutrum at, lorem.', 'Aliquam quis turpis eget elit sodales scelerisque. Mauris sit amet eros. Suspendisse accumsan tortor quis turpis.', '2022-07-03 15:27:06', 'kbasnett1e', '2022-09-14 08:13:24', 'cmayzes1e');
insert into post (username, title, content, created_at, created_by, modified_at, modified_by) values ('testuser2',  'Suspendisse potenti.', 'In hac habitasse platea dictumst. Etiam faucibus cursus urna. Ut tellus.', '2023-01-28 04:22:51', 'acorrao1f', '2022-10-28 13:18:37', 'ismitherham1f');
insert into post (username, title, content, created_at, created_by, modified_at, modified_by) values ('testuser2',  'Praesent blandit lacinia erat.', 'Maecenas ut massa quis augue luctus tincidunt. Nulla mollis molestie lorem. Quisque ut erat.', '2022-08-11 18:57:00', 'yhuby1g', '2022-07-17 03:02:38', 'gnend1g');
insert into post (username, title, content, created_at, created_by, modified_at, modified_by) values ('testuser2',  'Aliquam quis turpis eget elit sodales scelerisque.', 'Vestibulum ac est lacinia nisi venenatis tristique. Fusce congue, diam id ornare imperdiet, sapien urna pretium nisl, ut volutpat sapien arcu sed augue. Aliquam erat volutpat.', '2022-08-24 02:20:08', 'bbugbird1h', '2023-03-11 17:49:03', 'dhalden1h');
insert into post (username, title, content, created_at, created_by, modified_at, modified_by) values ('testuser2',  'Nulla ut erat id mauris vulputate elementum.', 'Praesent blandit. Nam nulla. Integer pede justo, lacinia eget, tincidunt eget, tempus vel, pede.', '2023-01-09 22:45:18', 'dhartshorne1i', '2022-04-15 03:29:59', 'cmakin1i');
insert into post (username, title, content, created_at, created_by, modified_at, modified_by) values ('testuser2',  'Proin leo odio, porttitor id, consequat in, consequat ut, nulla.', 'In hac habitasse platea dictumst. Etiam faucibus cursus urna. Ut tellus.', '2023-01-31 13:57:06', 'afotherby1j', '2022-05-30 02:31:35', 'tdaintrey1j');
insert into post (username, title, content, created_at, created_by, modified_at, modified_by) values ('testuser2',  'In tempor, turpis nec euismod scelerisque, quam turpis adipiscing lorem, vitae mattis nibh ligula nec sem.', 'Duis bibendum. Morbi non quam nec dui luctus rutrum. Nulla tellus.', '2022-11-15 03:58:44', 'tpillifant1k', '2022-06-09 18:46:03', 'mmcillrick1k');
insert into post (username, title, content, created_at, created_by, modified_at, modified_by) values ('testuser2',  'Integer non velit.', 'Curabitur at ipsum ac tellus semper interdum. Mauris ullamcorper purus sit amet nulla. Quisque arcu libero, rutrum ac, lobortis vel, dapibus at, diam.', '2022-07-09 09:23:10', 'edoley1l', '2022-11-29 02:35:37', 'fkirrage1l');
insert into post (username, title, content, created_at, created_by, modified_at, modified_by) values ('testuser2',  'Fusce lacus purus, aliquet at, feugiat non, pretium quis, lectus.', 'Cras non velit nec nisi vulputate nonummy. Maecenas tincidunt lacus at velit. Vivamus vel nulla eget eros elementum pellentesque.', '2022-08-01 08:31:47', 'aoliddy1m', '2022-05-31 21:58:06', 'lbrennon1m');
insert into post (username, title, content, created_at, created_by, modified_at, modified_by) values ('testuser2',  'Integer ac neque.', 'Pellentesque at nulla. Suspendisse potenti. Cras in purus eu magna vulputate luctus.', '2022-08-23 05:01:57', 'neady1n', '2022-09-19 02:26:02', 'nfulkes1n');
insert into post (username, title, content, created_at, created_by, modified_at, modified_by) values ('testuser2',  'Praesent id massa id nisl venenatis lacinia.', 'Fusce posuere felis sed lacus. Morbi sem mauris, laoreet ut, rhoncus aliquet, pulvinar sed, nisl. Nunc rhoncus dui vel sem.', '2023-02-09 03:52:32', 'bquaif1o', '2022-09-13 07:47:57', 'tivatt1o');
insert into post (username, title, content, created_at, created_by, modified_at, modified_by) values ('testuser2',  'Sed vel enim sit amet nunc viverra dapibus.', 'Etiam vel augue. Vestibulum rutrum rutrum neque. Aenean auctor gravida sem.', '2022-05-06 02:01:00', 'sderrick1p', '2022-03-20 15:15:04', 'kbruyns1p');
insert into post (username, title, content, created_at, created_by, modified_at, modified_by) values ('testuser2',  'Cras mi pede, malesuada in, imperdiet et, commodo vulputate, justo.', 'Curabitur in libero ut massa volutpat convallis. Morbi odio odio, elementum eu, interdum eu, tincidunt in, leo. Maecenas pulvinar lobortis est.', '2022-08-02 21:29:57', 'eticic1q', '2022-08-08 04:27:06', 'kroyan1q');
insert into post (username, title, content, created_at, created_by, modified_at, modified_by) values ('testuser2',  'Phasellus id sapien in sapien iaculis congue.', 'Duis bibendum. Morbi non quam nec dui luctus rutrum. Nulla tellus.', '2022-05-28 20:11:42', 'cjoannet1r', '2022-12-02 07:06:13', 'lchurchill1r');
insert into post (username, title, content, created_at, created_by, modified_at, modified_by) values ('testuser2',  'Duis mattis egestas metus.', 'Aliquam quis turpis eget elit sodales scelerisque. Mauris sit amet eros. Suspendisse accumsan tortor quis turpis.', '2022-10-30 16:29:39', 'fbatman1s', '2022-11-27 19:36:20', 'cgillon1s');
insert into post (username, title, content, created_at, created_by, modified_at, modified_by) values ('testuser2',  'Pellentesque eget nunc.', 'Suspendisse potenti. In eleifend quam a odio. In hac habitasse platea dictumst.', '2022-06-10 22:33:34', 'tjowling1t', '2023-01-21 07:44:53', 'cmoxsom1t');
insert into post (username, title, content, created_at, created_by, modified_at, modified_by) values ('testuser2',  'Morbi non quam nec dui luctus rutrum.', 'Pellentesque at nulla. Suspendisse potenti. Cras in purus eu magna vulputate luctus.', '2023-01-27 18:52:24', 'jmerrell1u', '2023-01-13 03:51:01', 'gidell1u');
insert into post (username, title, content, created_at, created_by, modified_at, modified_by) values ('testuser2',  'Proin interdum mauris non ligula pellentesque ultrices.', 'In quis justo. Maecenas rhoncus aliquam lacus. Morbi quis tortor id nulla ultrices aliquet.', '2022-04-07 08:48:31', 'estiant1v', '2022-07-28 15:02:28', 'amaclaughlin1v');
insert into post (username, title, content, created_at, created_by, modified_at, modified_by) values ('testuser2',  'Proin at turpis a pede posuere nonummy.', 'Aenean lectus. Pellentesque eget nunc. Donec quis orci eget orci vehicula condimentum.', '2022-08-09 17:58:08', 'espleving1w', '2022-07-09 04:22:45', 'cnovak1w');
insert into post (username, title, content, created_at, created_by, modified_at, modified_by) values ('testuser2',  'Vestibulum ac est lacinia nisi venenatis tristique.', 'Nullam porttitor lacus at turpis. Donec posuere metus vitae ipsum. Aliquam non mauris.', '2023-01-20 08:34:57', 'tcowlas1x', '2022-06-19 12:24:06', 'mshoutt1x');
insert into post (username, title, content, created_at, created_by, modified_at, modified_by) values ('testuser2',  'Aliquam quis turpis eget elit sodales scelerisque.', 'Morbi non lectus. Aliquam sit amet diam in magna bibendum imperdiet. Nullam orci pede, venenatis non, sodales sed, tincidunt eu, felis.', '2022-11-17 05:32:26', 'egyppes1y', '2022-09-23 11:17:21', 'fcongdon1y');
insert into post (username, title, content, created_at, created_by, modified_at, modified_by) values ('testuser2',  'Proin eu mi.', 'Proin leo odio, porttitor id, consequat in, consequat ut, nulla. Sed accumsan felis. Ut at dolor quis odio consequat varius.', '2023-01-01 01:52:37', 'fpuig1z', '2022-05-25 14:47:13', 'jdumphrey1z');
insert into post (username, title, content, created_at, created_by, modified_at, modified_by) values ('testuser2',  'Morbi quis tortor id nulla ultrices aliquet.', 'Cras non velit nec nisi vulputate nonummy. Maecenas tincidunt lacus at velit. Vivamus vel nulla eget eros elementum pellentesque.', '2022-05-22 06:58:57', 'jbatsford20', '2022-06-29 02:15:04', 'kmontrose20');
insert into post (username, title, content, created_at, created_by, modified_at, modified_by) values ('testuser2',  'Maecenas rhoncus aliquam lacus.', 'Integer tincidunt ante vel ipsum. Praesent blandit lacinia erat. Vestibulum sed magna at nunc commodo placerat.', '2022-06-18 01:50:00', 'bkybert21', '2022-11-05 23:50:20', 'bnavan21');
insert into post (username, title, content, created_at, created_by, modified_at, modified_by) values ('testuser2',  'Nam ultrices, libero non mattis pulvinar, nulla pede ullamcorper augue, a suscipit nulla elit ac nulla.', 'Praesent blandit. Nam nulla. Integer pede justo, lacinia eget, tincidunt eget, tempus vel, pede.', '2022-05-29 17:53:49', 'vlukasik22', '2022-05-02 13:30:11', 'ahugnet22');
insert into post (username, title, content, created_at, created_by, modified_at, modified_by) values ('testuser2',  'Duis bibendum.', 'Cras mi pede, malesuada in, imperdiet et, commodo vulputate, justo. In blandit ultrices enim. Lorem ipsum dolor sit amet, consectetuer adipiscing elit.', '2022-12-11 20:57:02', 'ndunnico23', '2022-04-30 05:31:05', 'dhaughton23');
insert into post (username, title, content, created_at, created_by, modified_at, modified_by) values ('testuser2',  'Pellentesque ultrices mattis odio.', 'Duis aliquam convallis nunc. Proin at turpis a pede posuere nonummy. Integer non velit.', '2022-12-17 13:51:54', 'dlargen24', '2022-07-15 12:03:00', 'mcaddan24');
insert into post (username, title, content, created_at, created_by, modified_at, modified_by) values ('testuser2',  'Vestibulum sed magna at nunc commodo placerat.', 'Nulla ut erat id mauris vulputate elementum. Nullam varius. Nulla facilisi.', '2022-10-02 10:37:14', 'egarment25', '2023-02-10 12:05:16', 'ystclair25');
insert into post (username, title, content, created_at, created_by, modified_at, modified_by) values ('testuser3',  'Etiam vel augue.', 'Nam ultrices, libero non mattis pulvinar, nulla pede ullamcorper augue, a suscipit nulla elit ac nulla. Sed vel enim sit amet nunc viverra dapibus. Nulla suscipit ligula in lacus.', '2023-02-10 22:19:31', 'bseeks26', '2022-05-14 09:15:16', 'toconor26');
insert into post (username, title, content, created_at, created_by, modified_at, modified_by) values ('testuser3',  'Vivamus in felis eu sapien cursus vestibulum.', 'Nulla ut erat id mauris vulputate elementum. Nullam varius. Nulla facilisi.', '2022-06-10 23:19:08', 'elambarton27', '2022-10-26 14:35:48', 'cbreissan27');
insert into post (username, title, content, created_at, created_by, modified_at, modified_by) values ('testuser3',  'In sagittis dui vel nisl.', 'Pellentesque at nulla. Suspendisse potenti. Cras in purus eu magna vulputate luctus.', '2022-12-27 05:02:15', 'hbraiden28', '2022-10-28 22:41:01', 'aberesford28');
insert into post (username, title, content, created_at, created_by, modified_at, modified_by) values ('testuser3',  'Proin risus.', 'Fusce posuere felis sed lacus. Morbi sem mauris, laoreet ut, rhoncus aliquet, pulvinar sed, nisl. Nunc rhoncus dui vel sem.', '2022-05-18 05:43:31', 'leasterling29', '2022-07-15 05:26:08', 'dbassindale29');
insert into post (username, title, content, created_at, created_by, modified_at, modified_by) values ('testuser3',  'Nulla mollis molestie lorem.', 'Pellentesque at nulla. Suspendisse potenti. Cras in purus eu magna vulputate luctus.', '2022-05-22 07:25:10', 'agreensted2a', '2023-01-29 10:03:34', 'melsey2a');
insert into post (username, title, content, created_at, created_by, modified_at, modified_by) values ('testuser3',  'Morbi sem mauris, laoreet ut, rhoncus aliquet, pulvinar sed, nisl.', 'Curabitur at ipsum ac tellus semper interdum. Mauris ullamcorper purus sit amet nulla. Quisque arcu libero, rutrum ac, lobortis vel, dapibus at, diam.', '2022-03-14 04:18:44', 'hlovstrom2b', '2022-10-24 10:30:13', 'bwharton2b');
insert into post (username, title, content, created_at, created_by, modified_at, modified_by) values ('testuser3',  'Nullam varius.', 'Cras non velit nec nisi vulputate nonummy. Maecenas tincidunt lacus at velit. Vivamus vel nulla eget eros elementum pellentesque.', '2022-04-06 01:29:27', 'egallo2c', '2022-07-03 10:13:45', 'pmathivat2c');
insert into post (username, title, content, created_at, created_by, modified_at, modified_by) values ('testuser3',  'Sed sagittis.', 'Donec diam neque, vestibulum eget, vulputate ut, ultrices vel, augue. Vestibulum ante ipsum primis in faucibus orci luctus et ultrices posuere cubilia Curae; Donec pharetra, magna vestibulum aliquet ultrices, erat tortor sollicitudin mi, sit amet lobortis sapien sapien non mi. Integer ac neque.', '2022-10-10 19:06:18', 'abartholomaus2d', '2023-02-15 15:59:27', 'tclendinning2d');
insert into post (username, title, content, created_at, created_by, modified_at, modified_by) values ('testuser3',  'Vestibulum rutrum rutrum neque.', 'Nullam porttitor lacus at turpis. Donec posuere metus vitae ipsum. Aliquam non mauris.', '2022-11-22 05:12:49', 'llinke2e', '2023-02-06 20:45:19', 'gmcbay2e');
insert into post (username, title, content, created_at, created_by, modified_at, modified_by) values ('testuser3',  'In eleifend quam a odio.', 'Integer tincidunt ante vel ipsum. Praesent blandit lacinia erat. Vestibulum sed magna at nunc commodo placerat.', '2022-09-20 15:41:47', 'rsprionghall2f', '2022-05-17 17:10:04', 'hperulli2f');
insert into post (username, title, content, created_at, created_by, modified_at, modified_by) values ('testuser3',  'Donec dapibus.', 'Integer tincidunt ante vel ipsum. Praesent blandit lacinia erat. Vestibulum sed magna at nunc commodo placerat.', '2022-06-09 16:01:57', 'zjaher2g', '2022-06-04 22:43:53', 'dscrewton2g');
insert into post (username, title, content, created_at, created_by, modified_at, modified_by) values ('testuser3',  'Suspendisse potenti.', 'Proin leo odio, porttitor id, consequat in, consequat ut, nulla. Sed accumsan felis. Ut at dolor quis odio consequat varius.', '2022-03-19 03:05:06', 'sconkling2h', '2022-06-28 11:42:43', 'asteels2h');
insert into post (username, title, content, created_at, created_by, modified_at, modified_by) values ('testuser3',  'Donec diam neque, vestibulum eget, vulputate ut, ultrices vel, augue.', 'Mauris enim leo, rhoncus sed, vestibulum sit amet, cursus id, turpis. Integer aliquet, massa id lobortis convallis, tortor risus dapibus augue, vel accumsan tellus nisi eu orci. Mauris lacinia sapien quis libero.', '2022-11-10 12:04:11', 'agoodwyn2i', '2022-06-30 22:52:35', 'nebbing2i');
insert into post (username, title, content, created_at, created_by, modified_at, modified_by) values ('testuser3',  'In hac habitasse platea dictumst.', 'In congue. Etiam justo. Etiam pretium iaculis justo.', '2022-09-28 01:05:50', 'bprater2j', '2022-11-29 01:25:08', 'thauck2j');
insert into post (username, title, content, created_at, created_by, modified_at, modified_by) values ('testuser3',  'Curabitur convallis.', 'Sed sagittis. Nam congue, risus semper porta volutpat, quam pede lobortis ligula, sit amet eleifend pede libero quis orci. Nullam molestie nibh in lectus.', '2022-09-21 03:57:58', 'wfoot2k', '2022-09-24 16:42:36', 'etregido2k');
insert into post (username, title, content, created_at, created_by, modified_at, modified_by) values ('testuser3',  'Duis mattis egestas metus.', 'Fusce consequat. Nulla nisl. Nunc nisl.', '2022-12-03 11:00:32', 'fsalle2l', '2022-11-19 15:45:01', 'acallow2l');
insert into post (username, title, content, created_at, created_by, modified_at, modified_by) values ('testuser3',  'Duis aliquam convallis nunc.', 'Integer tincidunt ante vel ipsum. Praesent blandit lacinia erat. Vestibulum sed magna at nunc commodo placerat.', '2022-03-26 05:14:13', 'aswyer2m', '2022-07-06 04:52:43', 'bmollene2m');
insert into post (username, title, content, created_at, created_by, modified_at, modified_by) values ('testuser3',  'Proin interdum mauris non ligula pellentesque ultrices.', 'Duis consequat dui nec nisi volutpat eleifend. Donec ut dolor. Morbi vel lectus in quam fringilla rhoncus.', '2023-02-10 09:51:06', 'apettit2n', '2022-05-22 23:14:04', 'fbernucci2n');
insert into post (username, title, content, created_at, created_by, modified_at, modified_by) values ('testuser3',  'Donec odio justo, sollicitudin ut, suscipit a, feugiat et, eros.', 'Cum sociis natoque penatibus et magnis dis parturient montes, nascetur ridiculus mus. Vivamus vestibulum sagittis sapien. Cum sociis natoque penatibus et magnis dis parturient montes, nascetur ridiculus mus.', '2022-06-25 21:35:08', 'kspanswick2o', '2023-01-09 09:59:33', 'orault2o');
insert into post (username, title, content, created_at, created_by, modified_at, modified_by) values ('testuser3',  'Donec semper sapien a libero.', 'Proin interdum mauris non ligula pellentesque ultrices. Phasellus id sapien in sapien iaculis congue. Vivamus metus arcu, adipiscing molestie, hendrerit at, vulputate vitae, nisl.', '2022-08-02 22:18:23', 'msloley2p', '2022-06-03 20:48:14', 'cwolfarth2p');
insert into post (username, title, content, created_at, created_by, modified_at, modified_by) values ('testuser3',  'Curabitur in libero ut massa volutpat convallis.', 'Aliquam quis turpis eget elit sodales scelerisque. Mauris sit amet eros. Suspendisse accumsan tortor quis turpis.', '2022-11-16 00:55:49', 'sbevans2q', '2022-12-22 19:58:30', 'dcorrigan2q');
insert into post (username, title, content, created_at, created_by, modified_at, modified_by) values ('testuser3',  'Suspendisse potenti.', 'Sed ante. Vivamus tortor. Duis mattis egestas metus.', '2023-02-07 18:08:18', 'pcritchard2r', '2022-06-21 18:54:20', 'tjayume2r');

-- 400 comments
insert into comment (post_id, username, parent_comment_id, content, created_at, created_by, modified_at, modified_by) values (97, 'testuser2', null, 'In hac habitasse platea dictumst.', '2022-06-27 16:08:41', 'ffitzjohn0', '2022-10-13 20:56:46', 'jrenoden0');
insert into comment (post_id, username, parent_comment_id, content, created_at, created_by, modified_at, modified_by) values (18, 'testuser1', null, 'Pellentesque viverra pede ac diam.', '2022-08-16 20:05:07', 'tgisbye1', '2023-01-19 20:43:19', 'desselen1');
insert into comment (post_id, username, parent_comment_id, content, created_at, created_by, modified_at, modified_by) values (91, 'testuser2', null, 'Aliquam sit amet diam in magna bibendum imperdiet.', '2022-07-14 07:53:30', 'fhurst2', '2023-03-09 13:51:58', 'shassell2');
insert into comment (post_id, username, parent_comment_id, content, created_at, created_by, modified_at, modified_by) values (80, 'testuser3', null, 'Fusce posuere felis sed lacus.', '2022-05-26 20:08:21', 'gpalfreyman3', '2022-08-13 03:00:36', 'dlomas3');
insert into comment (post_id, username, parent_comment_id, content, created_at, created_by, modified_at, modified_by) values (75, 'testuser3', null, 'Morbi non lectus.', '2022-07-20 10:29:38', 'lfilipyev4', '2022-10-23 04:42:35', 'jguilloud4');
insert into comment (post_id, username, parent_comment_id, content, created_at, created_by, modified_at, modified_by) values (21, 'testuser2', null, 'Maecenas tristique, est et tempus semper, est quam pharetra magna, ac consequat metus sapien ut nunc.', '2022-04-20 07:03:31', 'gpulhoster5', '2023-01-02 22:30:05', 'afairham5');
insert into comment (post_id, username, parent_comment_id, content, created_at, created_by, modified_at, modified_by) values (17, 'testuser1', null, 'Suspendisse potenti.', '2022-05-18 03:06:19', 'jbelfield6', '2022-08-12 12:25:33', 'dkits6');
insert into comment (post_id, username, parent_comment_id, content, created_at, created_by, modified_at, modified_by) values (99, 'testuser3', null, 'Proin at turpis a pede posuere nonummy.', '2023-01-11 12:27:05', 'dspinelli7', '2022-09-21 12:20:51', 'thuffer7');
insert into comment (post_id, username, parent_comment_id, content, created_at, created_by, modified_at, modified_by) values (95, 'testuser1', null, 'Integer tincidunt ante vel ipsum.', '2022-10-28 09:28:50', 'tjacobsen8', '2022-08-10 22:27:44', 'dtice8');
insert into comment (post_id, username, parent_comment_id, content, created_at, created_by, modified_at, modified_by) values (88, 'testuser3', null, 'Cum sociis natoque penatibus et magnis dis parturient montes, nascetur ridiculus mus.', '2022-11-05 21:11:33', 'estandeven9', '2022-11-06 19:04:03', 'wfairney9');
insert into comment (post_id, username, parent_comment_id, content, created_at, created_by, modified_at, modified_by) values (84, 'testuser2', null, 'Nulla ac enim.', '2022-12-28 00:12:39', 'hwederella', '2022-10-30 04:57:27', 'aclatworthya');
insert into comment (post_id, username, parent_comment_id, content, created_at, created_by, modified_at, modified_by) values (1, 'testuser1', null, 'Nullam porttitor lacus at turpis.', '2022-11-25 06:17:23', 'fyoudeb', '2022-05-03 12:26:06', 'mcholoninb');
insert into comment (post_id, username, parent_comment_id, content, created_at, created_by, modified_at, modified_by) values (1, 'testuser1', null, 'Donec vitae nisi.', '2022-04-07 12:34:22', 'rrizzoloc', '2023-02-18 17:03:46', 'rstirrupc');
insert into comment (post_id, username, parent_comment_id, content, created_at, created_by, modified_at, modified_by) values (35, 'testuser1', null, 'Morbi ut odio.', '2022-10-04 09:14:36', 'akolushevd', '2022-05-11 03:58:30', 'wgasond');
insert into comment (post_id, username, parent_comment_id, content, created_at, created_by, modified_at, modified_by) values (84, 'testuser2', null, 'Cras in purus eu magna vulputate luctus.', '2022-04-13 22:01:33', 'dpoplande', '2022-08-20 22:23:39', 'hveltee');
insert into comment (post_id, username, parent_comment_id, content, created_at, created_by, modified_at, modified_by) values (7, 'testuser1', null, 'Nulla ut erat id mauris vulputate elementum.', '2023-01-23 08:11:42', 'oironf', '2023-02-09 10:16:02', 'rkobierieckif');
insert into comment (post_id, username, parent_comment_id, content, created_at, created_by, modified_at, modified_by) values (85, 'testuser2', null, 'Pellentesque eget nunc.', '2022-04-03 14:29:14', 'rhuckettg', '2022-12-26 11:26:19', 'pmilleg');
insert into comment (post_id, username, parent_comment_id, content, created_at, created_by, modified_at, modified_by) values (13, 'testuser1', null, 'Nulla justo.', '2022-05-14 22:40:07', 'fhowgillh', '2022-07-08 20:04:36', 'kgoringh');
insert into comment (post_id, username, parent_comment_id, content, created_at, created_by, modified_at, modified_by) values (69, 'testuser3', null, 'Cras mi pede, malesuada in, imperdiet et, commodo vulputate, justo.', '2022-07-10 19:18:03', 'fdegiorgii', '2022-12-31 23:09:39', 'clupartoi');
insert into comment (post_id, username, parent_comment_id, content, created_at, created_by, modified_at, modified_by) values (69, 'testuser3', null, 'Vestibulum ante ipsum primis in faucibus orci luctus et ultrices posuere cubilia Curae; Nulla dapibus dolor vel est.', '2022-09-14 21:08:18', 'smandevillej', '2023-02-23 10:53:02', 'croebyj');
insert into comment (post_id, username, parent_comment_id, content, created_at, created_by, modified_at, modified_by) values (72, 'testuser1', null, 'Quisque id justo sit amet sapien dignissim vestibulum.', '2022-08-28 20:32:32', 'gbaythropk', '2023-02-27 22:13:58', 'kpowtonk');
insert into comment (post_id, username, parent_comment_id, content, created_at, created_by, modified_at, modified_by) values (20, 'testuser3', null, 'Praesent blandit lacinia erat.', '2022-10-21 08:38:12', 'mrudeforthl', '2022-06-22 15:31:35', 'cbaignardl');
insert into comment (post_id, username, parent_comment_id, content, created_at, created_by, modified_at, modified_by) values (69, 'testuser1', null, 'Nam nulla.', '2023-03-01 06:14:59', 'sgarradm', '2022-06-04 22:18:57', 'hellingfordm');
insert into comment (post_id, username, parent_comment_id, content, created_at, created_by, modified_at, modified_by) values (24, 'testuser2', null, 'Nullam sit amet turpis elementum ligula vehicula consequat.', '2023-01-24 19:27:15', 'ajaouenn', '2023-01-10 19:02:00', 'dmccreeryn');
insert into comment (post_id, username, parent_comment_id, content, created_at, created_by, modified_at, modified_by) values (38, 'testuser1', null, 'Maecenas pulvinar lobortis est.', '2023-01-15 02:44:01', 'ogoodletto', '2022-03-30 16:41:58', 'opleagero');
insert into comment (post_id, username, parent_comment_id, content, created_at, created_by, modified_at, modified_by) values (26, 'testuser3', null, 'Morbi vestibulum, velit id pretium iaculis, diam erat fermentum justo, nec condimentum neque sapien placerat ante.', '2023-01-29 14:30:23', 'ailyinskip', '2022-10-01 17:40:20', 'edecroixp');
insert into comment (post_id, username, parent_comment_id, content, created_at, created_by, modified_at, modified_by) values (44, 'testuser1', null, 'Vivamus metus arcu, adipiscing molestie, hendrerit at, vulputate vitae, nisl.', '2022-07-29 15:57:17', 'sriccardoq', '2023-03-11 22:27:46', 'hdancerq');
insert into comment (post_id, username, parent_comment_id, content, created_at, created_by, modified_at, modified_by) values (28, 'testuser1', null, 'Vivamus vel nulla eget eros elementum pellentesque.', '2022-12-15 18:44:47', 'ctwelver', '2022-03-23 16:05:31', 'bhargreavesr');
insert into comment (post_id, username, parent_comment_id, content, created_at, created_by, modified_at, modified_by) values (96, 'testuser1', null, 'Lorem ipsum dolor sit amet, consectetuer adipiscing elit.', '2023-03-13 04:08:02', 'bdowdells', '2023-01-05 04:33:16', 'jwhittams');
insert into comment (post_id, username, parent_comment_id, content, created_at, created_by, modified_at, modified_by) values (45, 'testuser2', null, 'Phasellus sit amet erat.', '2022-05-29 15:51:32', 'baickent', '2022-04-15 09:45:34', 'vfendlent');
insert into comment (post_id, username, parent_comment_id, content, created_at, created_by, modified_at, modified_by) values (53, 'testuser1', null, 'Phasellus in felis.', '2022-09-06 23:04:00', 'tnoldau', '2022-06-15 00:16:47', 'mducku');
insert into comment (post_id, username, parent_comment_id, content, created_at, created_by, modified_at, modified_by) values (4, 'testuser2', null, 'Morbi sem mauris, laoreet ut, rhoncus aliquet, pulvinar sed, nisl.', '2022-09-01 23:19:35', 'blitchmorev', '2022-07-24 14:14:07', 'astollwerkv');
insert into comment (post_id, username, parent_comment_id, content, created_at, created_by, modified_at, modified_by) values (3, 'testuser1', null, 'In tempor, turpis nec euismod scelerisque, quam turpis adipiscing lorem, vitae mattis nibh ligula nec sem.', '2023-01-09 11:27:51', 'clanfranchiw', '2023-01-18 01:27:34', 'gatyeaw');
insert into comment (post_id, username, parent_comment_id, content, created_at, created_by, modified_at, modified_by) values (18, 'testuser1', null, 'In hac habitasse platea dictumst.', '2022-09-25 10:31:00', 'jcovellx', '2022-05-18 12:56:08', 'aakriggx');
insert into comment (post_id, username, parent_comment_id, content, created_at, created_by, modified_at, modified_by) values (75, 'testuser3', null, 'Quisque ut erat.', '2022-04-12 01:37:13', 'cdawy', '2022-11-21 17:23:19', 'kbrimmelly');
insert into comment (post_id, username, parent_comment_id, content, created_at, created_by, modified_at, modified_by) values (58, 'testuser2', null, 'Cras non velit nec nisi vulputate nonummy.', '2023-02-26 16:18:03', 'vparsonagez', '2022-11-20 20:16:15', 'doffieldz');
insert into comment (post_id, username, parent_comment_id, content, created_at, created_by, modified_at, modified_by) values (21, 'testuser3', null, 'Nam tristique tortor eu pede.', '2022-05-22 11:12:14', 'pcouves10', '2022-04-19 01:39:16', 'erozsa10');
insert into comment (post_id, username, parent_comment_id, content, created_at, created_by, modified_at, modified_by) values (67, 'testuser2', null, 'Duis bibendum, felis sed interdum venenatis, turpis enim blandit mi, in porttitor pede justo eu massa.', '2023-02-10 20:37:02', 'cborley11', '2022-06-15 17:30:00', 'btruman11');
insert into comment (post_id, username, parent_comment_id, content, created_at, created_by, modified_at, modified_by) values (91, 'testuser3', null, 'Morbi vestibulum, velit id pretium iaculis, diam erat fermentum justo, nec condimentum neque sapien placerat ante.', '2022-11-25 21:25:23', 'amccandie12', '2023-01-22 15:34:51', 'claydel12');
insert into comment (post_id, username, parent_comment_id, content, created_at, created_by, modified_at, modified_by) values (51, 'testuser1', null, 'Vivamus metus arcu, adipiscing molestie, hendrerit at, vulputate vitae, nisl.', '2022-07-03 16:58:16', 'dclaypool13', '2022-09-13 15:22:19', 'mbernasek13');
insert into comment (post_id, username, parent_comment_id, content, created_at, created_by, modified_at, modified_by) values (75, 'testuser3', null, 'Nullam molestie nibh in lectus.', '2022-07-01 00:01:09', 'zcorbet14', '2023-02-19 12:34:39', 'pphilps14');
insert into comment (post_id, username, parent_comment_id, content, created_at, created_by, modified_at, modified_by) values (66, 'testuser1', null, 'Integer pede justo, lacinia eget, tincidunt eget, tempus vel, pede.', '2022-09-02 20:41:44', 'bargente15', '2023-02-25 19:10:08', 'rfozard15');
insert into comment (post_id, username, parent_comment_id, content, created_at, created_by, modified_at, modified_by) values (97, 'testuser1', null, 'Integer tincidunt ante vel ipsum.', '2023-02-08 02:41:40', 'cjoss16', '2022-06-25 10:44:01', 'bingley16');
insert into comment (post_id, username, parent_comment_id, content, created_at, created_by, modified_at, modified_by) values (23, 'testuser1', null, 'Suspendisse potenti.', '2022-07-19 14:10:08', 'aantonchik17', '2022-06-13 18:30:33', 'lwallentin17');
insert into comment (post_id, username, parent_comment_id, content, created_at, created_by, modified_at, modified_by) values (82, 'testuser1', null, 'Vestibulum ac est lacinia nisi venenatis tristique.', '2022-09-29 14:01:41', 'dharkness18', '2023-01-23 13:58:51', 'blyttle18');
insert into comment (post_id, username, parent_comment_id, content, created_at, created_by, modified_at, modified_by) values (43, 'testuser2', null, 'Integer aliquet, massa id lobortis convallis, tortor risus dapibus augue, vel accumsan tellus nisi eu orci.', '2022-04-15 07:51:10', 'iascraft19', '2022-07-28 11:51:44', 'dlumly19');
insert into comment (post_id, username, parent_comment_id, content, created_at, created_by, modified_at, modified_by) values (24, 'testuser1', null, 'Integer ac neque.', '2022-10-02 06:57:34', 'bsustin1a', '2022-11-26 13:52:39', 'kroche1a');
insert into comment (post_id, username, parent_comment_id, content, created_at, created_by, modified_at, modified_by) values (32, 'testuser2', null, 'Etiam justo.', '2022-05-27 12:32:53', 'gwigsell1b', '2023-01-23 22:32:09', 'pnarracott1b');
insert into comment (post_id, username, parent_comment_id, content, created_at, created_by, modified_at, modified_by) values (9, 'testuser2', null, 'Nullam varius.', '2022-07-15 10:23:05', 'jduffyn1c', '2022-08-23 04:04:37', 'ehek1c');
insert into comment (post_id, username, parent_comment_id, content, created_at, created_by, modified_at, modified_by) values (3, 'testuser1', null, 'Cum sociis natoque penatibus et magnis dis parturient montes, nascetur ridiculus mus.', '2022-06-11 12:01:48', 'ebewshaw1d', '2022-06-09 00:41:01', 'mpetlyura1d');
insert into comment (post_id, username, parent_comment_id, content, created_at, created_by, modified_at, modified_by) values (57, 'testuser1', null, 'Vestibulum ac est lacinia nisi venenatis tristique.', '2022-06-24 15:21:17', 'llamborne1e', '2023-02-01 15:36:42', 'mector1e');
insert into comment (post_id, username, parent_comment_id, content, created_at, created_by, modified_at, modified_by) values (54, 'testuser3', null, 'Curabitur gravida nisi at nibh.', '2022-03-21 20:43:36', 'dgear1f', '2022-12-03 06:01:36', 'alettley1f');
insert into comment (post_id, username, parent_comment_id, content, created_at, created_by, modified_at, modified_by) values (59, 'testuser2', null, 'Morbi a ipsum.', '2022-12-28 03:30:36', 'bphillipson1g', '2022-07-19 19:08:43', 'sguye1g');
insert into comment (post_id, username, parent_comment_id, content, created_at, created_by, modified_at, modified_by) values (44, 'testuser1', null, 'Duis mattis egestas metus.', '2022-06-16 08:19:59', 'coakland1h', '2022-10-04 18:46:03', 'fkenyon1h');
insert into comment (post_id, username, parent_comment_id, content, created_at, created_by, modified_at, modified_by) values (42, 'testuser1', null, 'Morbi non lectus.', '2022-07-26 01:25:16', 'msouthcoat1i', '2022-06-22 22:03:13', 'tsein1i');
insert into comment (post_id, username, parent_comment_id, content, created_at, created_by, modified_at, modified_by) values (82, 'testuser3', null, 'Pellentesque viverra pede ac diam.', '2022-10-17 08:47:19', 'kkinchley1j', '2022-06-10 23:32:59', 'jdallmann1j');
insert into comment (post_id, username, parent_comment_id, content, created_at, created_by, modified_at, modified_by) values (35, 'testuser1', null, 'Vestibulum ac est lacinia nisi venenatis tristique.', '2022-12-14 14:32:16', 'lbonner1k', '2022-05-07 14:53:06', 'rdorracott1k');
insert into comment (post_id, username, parent_comment_id, content, created_at, created_by, modified_at, modified_by) values (11, 'testuser3', null, 'Cras in purus eu magna vulputate luctus.', '2023-01-03 18:59:11', 'bnerval1l', '2022-04-22 08:35:18', 'dflude1l');
insert into comment (post_id, username, parent_comment_id, content, created_at, created_by, modified_at, modified_by) values (93, 'testuser1', null, 'Suspendisse potenti.', '2022-08-29 09:15:53', 'dbraga1m', '2022-05-11 10:39:45', 'bfearne1m');
insert into comment (post_id, username, parent_comment_id, content, created_at, created_by, modified_at, modified_by) values (76, 'testuser3', null, 'Morbi ut odio.', '2022-09-05 14:09:28', 'rready1n', '2022-11-16 14:35:27', 'gfenne1n');
insert into comment (post_id, username, parent_comment_id, content, created_at, created_by, modified_at, modified_by) values (54, 'testuser1', null, 'Vivamus metus arcu, adipiscing molestie, hendrerit at, vulputate vitae, nisl.', '2022-12-12 22:45:28', 'bantyshev1o', '2022-10-02 15:49:18', 'mfeatherbie1o');
insert into comment (post_id, username, parent_comment_id, content, created_at, created_by, modified_at, modified_by) values (89, 'testuser1', null, 'Curabitur in libero ut massa volutpat convallis.', '2022-05-19 02:54:59', 'lbuglar1p', '2022-04-19 00:14:02', 'rmcmyler1p');
insert into comment (post_id, username, parent_comment_id, content, created_at, created_by, modified_at, modified_by) values (4, 'testuser1', null, 'Vestibulum ante ipsum primis in faucibus orci luctus et ultrices posuere cubilia Curae; Duis faucibus accumsan odio.', '2022-05-18 00:58:26', 'gmenhenitt1q', '2022-06-16 19:51:54', 'aoflaverty1q');
insert into comment (post_id, username, parent_comment_id, content, created_at, created_by, modified_at, modified_by) values (12, 'testuser1', null, 'Morbi odio odio, elementum eu, interdum eu, tincidunt in, leo.', '2022-10-18 18:16:42', 'avittori1r', '2022-12-20 04:00:03', 'nroath1r');
insert into comment (post_id, username, parent_comment_id, content, created_at, created_by, modified_at, modified_by) values (26, 'testuser3', null, 'Vivamus vel nulla eget eros elementum pellentesque.', '2022-10-31 08:50:24', 'kferrey1s', '2022-08-04 15:02:17', 'gwarne1s');
insert into comment (post_id, username, parent_comment_id, content, created_at, created_by, modified_at, modified_by) values (22, 'testuser3', null, 'Nulla tempus.', '2022-10-12 14:04:47', 'nstovell1t', '2022-12-28 08:35:21', 'irigglesford1t');
insert into comment (post_id, username, parent_comment_id, content, created_at, created_by, modified_at, modified_by) values (52, 'testuser3', null, 'Phasellus id sapien in sapien iaculis congue.', '2022-04-06 19:32:38', 'agaze1u', '2022-09-27 04:55:48', 'bduddin1u');
insert into comment (post_id, username, parent_comment_id, content, created_at, created_by, modified_at, modified_by) values (44, 'testuser3', null, 'Pellentesque viverra pede ac diam.', '2022-10-26 05:33:35', 'bhalliday1v', '2022-09-11 00:11:38', 'djepps1v');
insert into comment (post_id, username, parent_comment_id, content, created_at, created_by, modified_at, modified_by) values (53, 'testuser3', null, 'Donec quis orci eget orci vehicula condimentum.', '2022-05-28 19:43:58', 'dwyleman1w', '2022-12-11 19:18:36', 'mbrownsworth1w');
insert into comment (post_id, username, parent_comment_id, content, created_at, created_by, modified_at, modified_by) values (29, 'testuser3', null, 'Nulla suscipit ligula in lacus.', '2023-02-18 19:19:18', 'egarms1x', '2022-11-02 12:20:26', 'tornells1x');
insert into comment (post_id, username, parent_comment_id, content, created_at, created_by, modified_at, modified_by) values (7, 'testuser2', null, 'Vivamus tortor.', '2022-11-04 07:12:41', 'msaffle1y', '2022-12-19 13:26:04', 'sbarus1y');
insert into comment (post_id, username, parent_comment_id, content, created_at, created_by, modified_at, modified_by) values (16, 'testuser2', null, 'Fusce consequat.', '2022-09-26 23:42:59', 'bwotherspoon1z', '2022-08-31 11:49:11', 'emcanalley1z');
insert into comment (post_id, username, parent_comment_id, content, created_at, created_by, modified_at, modified_by) values (21, 'testuser1', null, 'Nulla tellus.', '2022-07-27 21:43:38', 'iattew20', '2022-10-23 23:16:33', 'bdaspar20');
insert into comment (post_id, username, parent_comment_id, content, created_at, created_by, modified_at, modified_by) values (14, 'testuser1', null, 'Morbi ut odio.', '2022-03-15 04:30:48', 'cmiddlemist21', '2022-05-06 19:52:45', 'ggaskal21');
insert into comment (post_id, username, parent_comment_id, content, created_at, created_by, modified_at, modified_by) values (72, 'testuser1', null, 'Vestibulum ante ipsum primis in faucibus orci luctus et ultrices posuere cubilia Curae; Nulla dapibus dolor vel est.', '2023-01-22 10:24:42', 'gdufton22', '2022-09-02 18:10:22', 'ebartlomiej22');
insert into comment (post_id, username, parent_comment_id, content, created_at, created_by, modified_at, modified_by) values (31, 'testuser1', null, 'In blandit ultrices enim.', '2022-12-21 13:09:34', 'sgelder23', '2022-06-19 11:30:40', 'gkolczynski23');
insert into comment (post_id, username, parent_comment_id, content, created_at, created_by, modified_at, modified_by) values (70, 'testuser1', null, 'Maecenas rhoncus aliquam lacus.', '2022-09-11 18:30:23', 'wglendza24', '2022-10-23 05:02:24', 'ualbarez24');
insert into comment (post_id, username, parent_comment_id, content, created_at, created_by, modified_at, modified_by) values (9, 'testuser3', null, 'Vivamus tortor.', '2022-06-17 23:21:50', 'hmccunn25', '2022-04-03 19:43:19', 'twaything25');
insert into comment (post_id, username, parent_comment_id, content, created_at, created_by, modified_at, modified_by) values (63, 'testuser2', null, 'Vestibulum ac est lacinia nisi venenatis tristique.', '2022-11-06 13:46:16', 'gstride26', '2023-01-08 20:00:50', 'crosingdall26');
insert into comment (post_id, username, parent_comment_id, content, created_at, created_by, modified_at, modified_by) values (72, 'testuser3', null, 'In hac habitasse platea dictumst.', '2022-12-03 13:10:01', 'hsteger27', '2022-03-22 08:42:38', 'adoche27');
insert into comment (post_id, username, parent_comment_id, content, created_at, created_by, modified_at, modified_by) values (63, 'testuser2', null, 'Nulla facilisi.', '2022-12-10 12:30:37', 'lbritney28', '2022-05-23 09:58:19', 'fasken28');
insert into comment (post_id, username, parent_comment_id, content, created_at, created_by, modified_at, modified_by) values (74, 'testuser3', null, 'Nam tristique tortor eu pede.', '2023-02-16 17:20:54', 'astokey29', '2023-02-13 11:53:25', 'karno29');
insert into comment (post_id, username, parent_comment_id, content, created_at, created_by, modified_at, modified_by) values (96, 'testuser2', null, 'Nulla suscipit ligula in lacus.', '2023-01-08 21:34:24', 'rparcells2a', '2022-06-26 07:31:50', 'bblesing2a');
insert into comment (post_id, username, parent_comment_id, content, created_at, created_by, modified_at, modified_by) values (65, 'testuser3', null, 'Maecenas tincidunt lacus at velit.', '2022-11-03 10:07:49', 'tkite2b', '2022-07-28 21:40:46', 'sdenisyev2b');
insert into comment (post_id, username, parent_comment_id, content, created_at, created_by, modified_at, modified_by) values (59, 'testuser2', null, 'Vestibulum ac est lacinia nisi venenatis tristique.', '2022-11-23 10:41:10', 'cheims2c', '2022-05-27 11:08:43', 'fflather2c');
insert into comment (post_id, username, parent_comment_id, content, created_at, created_by, modified_at, modified_by) values (99, 'testuser2', null, 'Vestibulum ante ipsum primis in faucibus orci luctus et ultrices posuere cubilia Curae; Donec pharetra, magna vestibulum aliquet ultrices, erat tortor sollicitudin mi, sit amet lobortis sapien sapien non mi.', '2022-11-14 22:48:19', 'dwhitley2d', '2022-08-28 18:23:07', 'khadlee2d');
insert into comment (post_id, username, parent_comment_id, content, created_at, created_by, modified_at, modified_by) values (28, 'testuser2', null, 'In congue.', '2023-02-13 12:26:12', 'cruggles2e', '2022-03-16 17:20:35', 'dseamen2e');
insert into comment (post_id, username, parent_comment_id, content, created_at, created_by, modified_at, modified_by) values (6, 'testuser2', null, 'Vestibulum sed magna at nunc commodo placerat.', '2022-12-31 08:53:42', 'ebinne2f', '2022-06-14 13:01:25', 'lpetegre2f');
insert into comment (post_id, username, parent_comment_id, content, created_at, created_by, modified_at, modified_by) values (3, 'testuser1', null, 'Pellentesque viverra pede ac diam.', '2023-02-07 19:28:07', 'hiwanczyk2g', '2022-05-30 18:28:46', 'rwestrope2g');
insert into comment (post_id, username, parent_comment_id, content, created_at, created_by, modified_at, modified_by) values (63, 'testuser2', null, 'Vestibulum quam sapien, varius ut, blandit non, interdum in, ante.', '2023-02-10 16:55:21', 'kcornick2h', '2022-10-19 04:02:25', 'jburtwell2h');
insert into comment (post_id, username, parent_comment_id, content, created_at, created_by, modified_at, modified_by) values (88, 'testuser3', null, 'Suspendisse potenti.', '2022-11-01 10:20:07', 'rtripony2i', '2022-11-06 14:34:54', 'bhegarty2i');
insert into comment (post_id, username, parent_comment_id, content, created_at, created_by, modified_at, modified_by) values (61, 'testuser1', null, 'Donec dapibus.', '2022-08-25 11:43:06', 'dlowbridge2j', '2022-08-22 18:48:22', 'aelliott2j');
insert into comment (post_id, username, parent_comment_id, content, created_at, created_by, modified_at, modified_by) values (71, 'testuser2', null, 'Cras non velit nec nisi vulputate nonummy.', '2022-07-03 09:24:19', 'mvolleth2k', '2023-01-21 13:35:34', 'ncasterou2k');
insert into comment (post_id, username, parent_comment_id, content, created_at, created_by, modified_at, modified_by) values (88, 'testuser2', null, 'Lorem ipsum dolor sit amet, consectetuer adipiscing elit.', '2022-12-21 11:34:20', 'asaintsbury2l', '2022-11-20 07:18:30', 'asaur2l');
insert into comment (post_id, username, parent_comment_id, content, created_at, created_by, modified_at, modified_by) values (60, 'testuser2', null, 'Donec dapibus.', '2022-10-12 23:35:35', 'aaldis2m', '2023-03-12 23:48:17', 'wmoakes2m');
insert into comment (post_id, username, parent_comment_id, content, created_at, created_by, modified_at, modified_by) values (54, 'testuser2', null, 'Vestibulum ante ipsum primis in faucibus orci luctus et ultrices posuere cubilia Curae; Donec pharetra, magna vestibulum aliquet ultrices, erat tortor sollicitudin mi, sit amet lobortis sapien sapien non mi.', '2022-04-26 10:41:33', 'lolijve2n', '2023-03-03 00:12:32', 'mpetruszka2n');
insert into comment (post_id, username, parent_comment_id, content, created_at, created_by, modified_at, modified_by) values (88, 'testuser3', null, 'Cum sociis natoque penatibus et magnis dis parturient montes, nascetur ridiculus mus.', '2022-03-20 09:41:48', 'mrevill2o', '2022-08-08 00:13:02', 'lmayes2o');
insert into comment (post_id, username, parent_comment_id, content, created_at, created_by, modified_at, modified_by) values (34, 'testuser3', null, 'Nullam sit amet turpis elementum ligula vehicula consequat.', '2022-05-27 11:29:30', 'kbyrcher2p', '2022-08-07 06:51:49', 'dnucci2p');
insert into comment (post_id, username, parent_comment_id, content, created_at, created_by, modified_at, modified_by) values (73, 'testuser3', null, 'Duis bibendum.', '2023-02-15 12:19:19', 'wwinnard2q', '2022-03-31 16:52:59', 'jbritten2q');
insert into comment (post_id, username, parent_comment_id, content, created_at, created_by, modified_at, modified_by) values (84, 'testuser1', null, 'Phasellus in felis.', '2022-07-02 16:18:34', 'cbrittin2r', '2022-08-15 04:36:34', 'ustaziker2r');


insert into comment (post_id, username, parent_comment_id, content, created_at, modified_at, created_by, modified_by) values
(49, 'testuser1', 1, 'Hi', '2021-03-02 22:40:04', '2021-04-27 15:38:09', 'testuser1', 'testuser1'),
(49, 'testuser1', 1, 'Hi', '2021-03-03 22:40:04', '2021-04-27 15:38:09', 'testuser1', 'testuser1'),
(49, 'testuser2', 1, 'Hi', '2021-03-04 22:40:04', '2021-04-27 15:38:09', 'testuser2', 'testuser2'),
(49, 'testuser2', 1, 'Hi', '2021-03-05 22:40:04', '2021-04-27 15:38:09', 'testuser2', 'testuser2')
;

-- insert into tag (tag_name, created_at, modified_at, created_by, modified_by) values
-- ('blue', now(), now(), 'testuser1', 'testuser1'),
-- ('crimson', now(), now(), 'testuser1', 'testuser1'),
-- ('fuscia', now(), now(), 'testuser1', 'testuser1'),
-- ('goldenrod', now(), now(), 'testuser1', 'testuser1'),
-- ('green', now(), now(), 'testuser1', 'testuser1'),
-- ('indigo', now(), now(), 'testuser1', 'testuser1'),
-- ('khaki', now(), now(), 'testuser1', 'testuser1'),
-- ('maroon', now(), now(), 'testuser1', 'testuser1'),
-- ('mauv', now(), now(), 'testuser1', 'testuser1'),
-- ('orange', now(), now(), 'testuser1', 'testuser1'),
-- ('pink', now(), now(), 'testuser1', 'testuser1'),
-- ('puce', now(), now(), 'testuser1', 'testuser1'),
-- ('purple', now(), now(), 'testuser1', 'testuser1'),
-- ('red', now(), now(), 'testuser1', 'testuser1'),
-- ('teal', now(), now(), 'testuser1', 'testuser1'),
-- ('turquoise', now(), now(), 'testuser1', 'testuser1'),
-- ('violet', now(), now(), 'testuser1', 'testuser1'),
-- ('yellow', now(), now(), 'testuser1', 'testuser1'),
-- ('white', now(), now(), 'testuser1', 'testuser1')
-- ;

insert into post_tag (post_id, tag_id) values
(1, 11),
(2, 13),
(3, 13),
(4, 9),
(5, 5),
(6, 8),
(7, 10),
(8, 15),
(9, 7),
(10, 12),
(11, 10),
(12, 13),
(13, 8),
(15, 7),
(18, 4),
(19, 18),
(20, 10),
(21, 3),
(22, 12),
(24, 15),
(25, 3),
(26, 8),
(27, 15),
(28, 16),
(29, 3),
(31, 1),
(32, 18),
(33, 11),
(34, 4),
(35, 1),
(37, 13),
(38, 5),
(40, 16),
(42, 3),
(43, 17),
(45, 14),
(45, 19),
(47, 13),
(48, 2),
(49, 6),
(50, 7),
(52, 16),
(54, 11),
(55, 10),
(57, 10),
(58, 11),
(59, 2),
(60, 2),
(61, 15),
(63, 17),
(64, 17),
(65, 17),
(66, 16),
(67, 12),
(68, 3),
(70, 12),
(71, 11),
(72, 3),
(73, 14),
(75, 16),
(76, 1),
(77, 11),
(80, 13),
(81, 17),
(82, 16),
(83, 13),
(84, 2),
(85, 15),
(86, 14),
(88, 17),
(90, 7),
(91, 10),
(92, 13),
(93, 16),
(94, 16),
(95, 3),
(96, 8),
(97, 18),
(98, 10),
(99, 17),
(100, 2)
;
